category_id,product_type,ember_primary_principle,ember_components,ember_css_tokens,ember_composition,ember_anti_patterns,ember_notes
1,SaaS (General),motion,"HeroPane,KPIStrip,DataTable,ActivityFeed,PricingCard","--color-bg,--color-accent,--color-surface-1,--color-surface-2,--font-display,--font-mono",HeroPane + KPIStrip + DataTable + PricingCard,no purple gradients;no spinners;no hardcoded hex,"Dark bg dominant. Amber accent on primary CTA only. Syne for headlines, IBM Plex Mono for metrics."
2,Micro SaaS,restraint,"HeroPane,KPIStrip,PricingCard,ContactForm","--color-bg,--color-accent,--color-surface-1,--font-display",HeroPane + KPIStrip + PricingCard + ContactForm,no multiple accents;no decorative motion;no hero overload,Ultra-minimal. Single CTA. One amber accent event. Show product value in hero.
3,E-commerce,color-as-information,"HeroPane,ProductGrid,PricingCard,TestimonialRail,ContactForm","--color-bg,--color-accent,--color-success,--color-danger,--color-surface-1,--color-surface-2",HeroPane + ProductGrid + PricingCard + TestimonialRail,no rainbow product tags;no decorative gradients;no competing accents,"Color signals action: amber=buy, green=in-stock, red=sale. Restrained palette on dark bg."
4,E-commerce Luxury,restraint,"AuthorityHero,ServiceList,TestimonialRail,ContactForm","--color-bg,--color-accent,--color-surface-1,--color-text,--color-text-muted,--font-display",AuthorityHero + ServiceList + TestimonialRail + ContactForm,no garish colors;no busy layouts;no animated banners,Maximum whitespace equivalent on dark. Syne at large sizes. Minimal copy. Amber used once.
5,B2B Service,composition,"AuthorityHero,StatsCard,ServiceList,TeamGrid,ContactForm","--color-bg,--color-accent,--color-surface-1,--color-surface-2,--font-display",AuthorityHero + ServiceList + StatsCard + TeamGrid + ContactForm,no flashy animations;no consumer colors;no carousel abuse,Trust-first. StatsCard shows ROI. TeamGrid humanizes. Single amber CTA.
6,Financial Dashboard,color-as-information,"KPIStrip,DataTable,ActivityFeed,StatsCard,NavBar","--color-bg,--color-accent,--color-success,--color-danger,--color-warning,--font-mono,--color-surface-2",KPIStrip + DataTable + ActivityFeed + StatsCard,no decorative colors;no motion distractions;no serif fonts,IBM Plex Mono for all numbers. Green/red strictly for delta signals. Amber for alerts only.
7,Analytics Dashboard,motion,"KPIStrip,DataTable,ActivityFeed,StatsCard,NavBar","--color-bg,--color-accent,--color-surface-1,--color-surface-2,--font-mono,--color-text-muted",KPIStrip + DataTable + ActivityFeed + StatsCard,no static snapshots as hero;no over-animation;no hardcoded colors,Filament sweep on loading states. Breathing border on active widgets. IBM Plex Mono data.
8,Healthcare App,restraint,"HeroPane,StatsCard,ServiceList,ContactForm","--color-bg,--color-accent,--color-success,--color-surface-1,--font-display,--color-text",HeroPane + ServiceList + StatsCard + ContactForm,no alarming reds without context;no animation overload;no busy palette,Calm dark palette. Amber only for critical alerts. Clear hierarchy for health data.
9,Educational App,typography,"HeroPane,ServiceList,KPIStrip,TestimonialRail,ContactForm","--color-bg,--color-accent,--color-surface-1,--color-surface-2,--font-display,--color-text-muted",HeroPane + ServiceList + KPIStrip + TestimonialRail,no childish fonts;no primary color palette;no rainbow UI,Syne for course titles. IBM Plex Mono for progress/stats. One amber CTA per section.
10,Creative Agency,composition,"AuthorityHero,ServiceList,TeamGrid,TestimonialRail,ContactForm","--color-bg,--color-accent,--color-surface-1,--font-display,--color-text,--color-text-muted",AuthorityHero + ServiceList + TeamGrid + TestimonialRail + ContactForm,no template layouts;no equal-weight card grids;no corporate blue,Editorial composition. Syne at display scale. Work shown at full bleed. One amber moment.
11,Portfolio/Personal,typography,"AuthorityHero,ServiceList,TestimonialRail,ContactForm","--color-bg,--color-accent,--font-display,--color-text,--color-text-muted,--color-surface-1",AuthorityHero + ServiceList + TestimonialRail + ContactForm,no busy layouts;no multiple accent colors;no stock imagery feel,Typographically-led. Syne at large scales. Minimal structure. Amber on primary CTA only.
12,Gaming,motion,"HeroPane,KPIStrip,ActivityFeed,StatsCard,NavBar","--color-bg,--color-accent,--color-surface-1,--color-surface-2,--font-display,--color-text-muted",HeroPane + KPIStrip + ActivityFeed + StatsCard,no pastels;no corporate layouts;no serif fonts,Dark OLED base. Amber accent for achievements/XP. Filament sweep on level-up states.
13,Government/Public Service,restraint,"AuthorityHero,StatsCard,ServiceList,DataTable,ContactForm","--color-bg,--color-accent,--color-surface-1,--color-surface-2,--font-display,--color-text",AuthorityHero + StatsCard + ServiceList + DataTable + ContactForm,no flashy animations;no brand-heavy colors;no inaccessible contrast,"Accessible dark. WCAG AAA target. Syne for headings, no decorative elements."
14,Fintech/Crypto,color-as-information,"KPIStrip,DataTable,ActivityFeed,StatsCard,NavBar","--color-bg,--color-accent,--color-success,--color-danger,--color-warning,--font-mono,--color-surface-2",KPIStrip + DataTable + ActivityFeed + StatsCard,no decorative colors;no slow animations;no vaporwave palette,IBM Plex Mono for prices. Green/red for delta. Amber for alerts. Real-time filament sweep.
15,Social Media App,motion,"HeroPane,ActivityFeed,StatsCard,TestimonialRail,NavBar","--color-bg,--color-accent,--color-surface-1,--color-surface-2,--font-display,--color-text-muted",HeroPane + ActivityFeed + StatsCard + TestimonialRail,no notification overload;no rainbow badges;no decorative scroll effects,Breathing border on live feed items. Filament sweep on load. Amber for important notifications only.
16,Productivity Tool,restraint,"HeroPane,KPIStrip,DataTable,ActivityFeed,NavBar","--color-bg,--color-accent,--color-surface-1,--color-surface-2,--font-mono,--color-text-muted",HeroPane + KPIStrip + DataTable + ActivityFeed,no visual clutter;no decorative chrome;no competing visual weights,Minimal UI. IBM Plex Mono for data. Amber only for due/overdue states. Clean grid.
17,Design System/Component Library,composition,"HeroPane,DataTable,ServiceList,NavBar,FooterBlock","--color-bg,--color-accent,--color-surface-1,--color-surface-2,--font-display,--font-mono",HeroPane + ServiceList + DataTable + FooterBlock,no inconsistent tokens;no hardcoded hex;no mixed type scales,Token-first documentation. IBM Plex Mono for code. Amber for interactive examples.
18,AI/Chatbot Platform,motion,"HeroPane,ActivityFeed,KPIStrip,StatsCard,PricingCard","--color-bg,--color-accent,--color-surface-1,--color-surface-2,--font-display,--font-mono",HeroPane + ActivityFeed + KPIStrip + PricingCard,no spinner abuse;no purple-on-dark gradients;no generic robot iconography,Filament sweep as typing indicator. Breathing border on active chat. IBM Plex Mono for outputs.
19,NFT/Web3 Platform,color-as-information,"HeroPane,ProductGrid,StatsCard,ActivityFeed,NavBar","--color-bg,--color-accent,--color-surface-1,--color-surface-2,--font-display,--color-text-muted",HeroPane + ProductGrid + StatsCard + ActivityFeed,no rainbow gradients;no vaporwave aesthetics;no multiple accents,Dark OLED. Amber for price/bid signals. IBM Plex Mono for wallet addresses. Clean grid.
20,Creator Economy Platform,typography,"HeroPane,ServiceList,KPIStrip,TestimonialRail,PricingCard","--color-bg,--color-accent,--color-surface-1,--font-display,--color-text,--color-text-muted",HeroPane + ServiceList + KPIStrip + TestimonialRail + PricingCard,no cluttered dashboard;no multiple highlight colors;no generic avatars,Syne for creator names/headlines. KPIStrip shows earnings/audience. Amber on upgrade CTA.
21,Remote Work/Collaboration Tool,motion,"HeroPane,ActivityFeed,KPIStrip,TeamGrid,NavBar","--color-bg,--color-accent,--color-surface-1,--color-surface-2,--font-display,--font-mono",HeroPane + ActivityFeed + KPIStrip + TeamGrid,no alert-heavy design;no notification badges on everything;no consumer feel,Breathing border on active collaborators. Filament sweep on sync states. Amber for unread.
22,Mental Health App,restraint,"HeroPane,ServiceList,TestimonialRail,ContactForm","--color-bg,--color-accent,--color-surface-1,--font-display,--color-text,--color-text-muted",HeroPane + ServiceList + TestimonialRail + ContactForm,no alarming reds;no aggressive CTAs;no fast animations;no busy layouts,Calm dark palette. Slow transitions only. Amber used only for positive progress moments.
23,Pet Tech App,typography,"HeroPane,ServiceList,StatsCard,TestimonialRail,ContactForm","--color-bg,--color-accent,--color-surface-1,--font-display,--color-text,--color-text-muted",HeroPane + ServiceList + StatsCard + TestimonialRail,no childish palettes;no cartoon overload;no generic stock photos,Warm dark palette. Syne for key moments. IBM Plex Mono for pet metrics. One amber CTA.
24,Smart Home/IoT Dashboard,color-as-information,"KPIStrip,DataTable,ActivityFeed,StatsCard,NavBar","--color-bg,--color-accent,--color-success,--color-danger,--color-warning,--font-mono,--color-surface-2",KPIStrip + DataTable + ActivityFeed + StatsCard,no decorative colors;no slow updates;no cluttered sensor grid,"Color = device status. Green=ok, amber=warning, red=critical. IBM Plex Mono for readings."
25,EV/Charging Ecosystem,color-as-information,"KPIStrip,DataTable,ActivityFeed,StatsCard,NavBar","--color-bg,--color-accent,--color-success,--color-danger,--color-warning,--font-mono",KPIStrip + DataTable + ActivityFeed + StatsCard,no decorative environmental graphics;no slow dashboards;no consumer green-washing,IBM Plex Mono for energy data. Amber for charging alerts. Green for fully charged states.
26,Subscription Box Service,color-as-information,"HeroPane,ProductGrid,PricingCard,TestimonialRail,ContactForm","--color-bg,--color-accent,--color-success,--color-surface-1,--color-surface-2,--font-display",HeroPane + ProductGrid + PricingCard + TestimonialRail,no pastel overload;no multiple accent colors;no soft UI on dark bg,Dark base with warm amber highlight. Product grid disciplined. One amber purchase CTA.
27,Podcast Platform,typography,"HeroPane,ServiceList,ActivityFeed,TestimonialRail,NavBar","--color-bg,--color-accent,--color-surface-1,--font-display,--color-text,--color-text-muted",HeroPane + ActivityFeed + ServiceList + TestimonialRail,no waveform decoration;no rainbow genre tags;no generic audio player UI,Editorial. Syne for episode titles. IBM Plex Mono for duration/stats. Amber for new episodes.
28,Dating App,typography,"HeroPane,TestimonialRail,ServiceList,ContactForm","--color-bg,--color-accent,--color-surface-1,--font-display,--color-text,--color-text-muted",HeroPane + ServiceList + TestimonialRail + ContactForm,no cliché hearts;no pink overload;no consumer-app look,Warm editorial dark. Syne display. Minimal profile cards. One amber match/action moment.
29,Micro-Credentials/Badges Platform,typography,"HeroPane,ServiceList,KPIStrip,TestimonialRail,PricingCard","--color-bg,--color-accent,--color-success,--color-surface-1,--font-display,--font-mono",HeroPane + ServiceList + KPIStrip + TestimonialRail + PricingCard,no badge clutter;no gamification overload;no confetti animations,IBM Plex Mono for completion stats. Amber for featured credentials. Syne for course names.
30,Knowledge Base/Documentation,restraint,"HeroPane,DataTable,ServiceList,NavBar,FooterBlock","--color-bg,--color-accent,--color-surface-1,--color-surface-2,--font-mono,--color-text-muted",HeroPane + ServiceList + DataTable + FooterBlock,no decorative elements;no multiple font families;no ambiguous navigation,IBM Plex Mono for code blocks. Syne for section headings. Amber for key callouts.
31,Hyperlocal Services,composition,"HeroPane,ServiceList,StatsCard,TestimonialRail,ContactForm","--color-bg,--color-accent,--color-surface-1,--color-surface-2,--font-display,--color-text",HeroPane + ServiceList + StatsCard + TestimonialRail + ContactForm,no consumer-map cliché;no rainbow service tags;no busy local search UI,Community-focused dark. Syne for location/service names. Amber on Book Now CTA.
32,Beauty/Spa/Wellness Service,typography,"HeroPane,ServiceList,TestimonialRail,ContactForm","--color-bg,--color-accent,--color-surface-1,--font-display,--color-text,--color-text-muted",HeroPane + ServiceList + TestimonialRail + ContactForm,no pastel pink clichés;no floral decorations;no soft bubble UI,Luxe dark editorial. Syne at large scale for treatment names. Amber on Book CTA.
33,Luxury/Premium Brand,restraint,"AuthorityHero,ServiceList,TestimonialRail,ContactForm","--color-bg,--color-accent,--color-surface-1,--font-display,--color-text,--color-text-muted",AuthorityHero + ServiceList + TestimonialRail + ContactForm,no visual clutter;no multiple colors;no cheap animations,Maximum restraint. Dark canvas. Syne at editorial scale. Amber touched only once.
34,Restaurant/Food Service,typography,"HeroPane,ServiceList,TestimonialRail,ContactForm","--color-bg,--color-accent,--color-surface-1,--font-display,--color-text,--color-text-muted",HeroPane + ServiceList + TestimonialRail + ContactForm,no food-photo clichés;no garish menu colors;no clipart-style icons,Dark editorial. Syne for dish/menu section names. Amber on Reserve CTA. Minimal copy.
35,Fitness/Gym App,motion,"HeroPane,KPIStrip,StatsCard,ActivityFeed,ContactForm","--color-bg,--color-accent,--color-surface-1,--color-surface-2,--font-display,--font-mono",HeroPane + KPIStrip + StatsCard + ActivityFeed,no neon green overload;no aggressive red;no stock gym photos as decoration,IBM Plex Mono for reps/weight/time. Amber on goal-hit events. Filament sweep on active workout.
36,Real Estate/Property,composition,"AuthorityHero,StatsCard,ServiceList,TeamGrid,ContactForm","--color-bg,--color-accent,--color-surface-1,--color-surface-2,--font-display,--color-text",AuthorityHero + ServiceList + StatsCard + TeamGrid + ContactForm,no stock house photos as hero;no blue corporate palette;no busy map widget,Authority composition. Syne for property names. IBM Plex Mono for price/sqft data.
37,Travel/Tourism Agency,typography,"HeroPane,ServiceList,TestimonialRail,ContactForm","--color-bg,--color-accent,--color-surface-1,--font-display,--color-text,--color-text-muted",HeroPane + ServiceList + TestimonialRail + ContactForm,no tropical clichés;no cheap carousel of destinations;no consumer-travel look,Dark editorial. Syne for destination names at display scale. Amber on Book Now CTA.
38,Hotel/Hospitality,restraint,"AuthorityHero,ServiceList,TestimonialRail,ContactForm","--color-bg,--color-accent,--color-surface-1,--font-display,--color-text,--color-text-muted",AuthorityHero + ServiceList + TestimonialRail + ContactForm,no resort-template clichés;no multiple accent colors;no carousel overload,Luxury dark editorial. Syne for room/amenity names. Amber on Book CTA. Minimal copy.
39,Wedding/Event Planning,typography,"HeroPane,ServiceList,TestimonialRail,ContactForm","--color-bg,--color-accent,--color-surface-1,--font-display,--color-text,--color-text-muted",HeroPane + ServiceList + TestimonialRail + ContactForm,no pastel overload;no script font excess;no lace/floral decoration,Dark editorial with warm amber. Syne for event names. Restrained layout. Single CTA.
40,Legal Services,restraint,"AuthorityHero,StatsCard,ServiceList,TeamGrid,ContactForm","--color-bg,--color-accent,--color-surface-1,--color-surface-2,--font-display,--color-text",AuthorityHero + StatsCard + ServiceList + TeamGrid + ContactForm,no aggressive CTAs;no flashy animations;no consumer palette,Maximum authority. Dark base. Syne for practice areas. Amber only on Contact CTA.
41,Insurance Platform,restraint,"AuthorityHero,StatsCard,ServiceList,DataTable,ContactForm","--color-bg,--color-accent,--color-surface-1,--color-surface-2,--font-display,--font-mono",AuthorityHero + StatsCard + ServiceList + DataTable + ContactForm,no alarming colors without context;no jargon-heavy layouts;no multiple CTAs,Trust-first. IBM Plex Mono for policy numbers/premiums. Amber on Get Quote CTA.
42,Banking/Traditional Finance,restraint,"AuthorityHero,KPIStrip,DataTable,StatsCard,NavBar","--color-bg,--color-accent,--color-success,--color-danger,--color-surface-1,--font-mono",AuthorityHero + KPIStrip + DataTable + StatsCard,no consumer-bank palette;no slow animations;no inaccessible contrast,IBM Plex Mono for all financial data. Amber for account alerts only. WCAG AAA target.
43,Online Course/E-learning,typography,"HeroPane,ServiceList,KPIStrip,TestimonialRail,PricingCard","--color-bg,--color-accent,--color-surface-1,--font-display,--color-text,--color-text-muted",HeroPane + ServiceList + KPIStrip + TestimonialRail + PricingCard,no childish palette;no video-thumbnail carousel abuse;no generic course UI,Syne for course titles. IBM Plex Mono for lesson counts/durations. Amber on Enroll CTA.
44,Non-profit/Charity,typography,"HeroPane,StatsCard,ServiceList,TestimonialRail,ContactForm","--color-bg,--color-accent,--color-surface-1,--font-display,--color-text,--color-text-muted",HeroPane + StatsCard + ServiceList + TestimonialRail + ContactForm,no guilt-trip imagery;no multiple donation CTAs;no consumer palette,Story-led dark editorial. Syne for impact headlines. IBM Plex Mono for donation stats.
45,Music Streaming,motion,"HeroPane,ActivityFeed,ServiceList,KPIStrip,NavBar","--color-bg,--color-accent,--color-surface-1,--color-surface-2,--font-display,--color-text-muted",HeroPane + ActivityFeed + ServiceList + KPIStrip,no consumer-streaming clichés;no rainbow genre labels;no busy waveforms,Dark OLED. Filament sweep on playback. Breathing border on now-playing. Amber for new releases.
46,Video Streaming/OTT,motion,"HeroPane,ActivityFeed,ServiceList,KPIStrip,NavBar","--color-bg,--color-accent,--color-surface-1,--color-surface-2,--font-display,--color-text-muted",HeroPane + ActivityFeed + ServiceList + KPIStrip,no thumbnail overload;no generic streaming UI;no red-on-black brand copy,Full-bleed dark. Amber for Continue Watching. Filament sweep on buffering. Syne for titles.
47,Job Board/Recruitment,composition,"HeroPane,DataTable,ServiceList,TeamGrid,ContactForm","--color-bg,--color-accent,--color-surface-1,--color-surface-2,--font-display,--font-mono",HeroPane + DataTable + ServiceList + TeamGrid + ContactForm,no job-board template look;no salary rainbow colors;no LinkedIn-blue copy,IBM Plex Mono for salary/location data. Amber on Apply CTA. Dark editorial layout.
48,Marketplace (P2P),color-as-information,"HeroPane,ProductGrid,DataTable,StatsCard,NavBar","--color-bg,--color-accent,--color-success,--color-danger,--color-surface-1,--color-surface-2",HeroPane + ProductGrid + DataTable + StatsCard,no consumer marketplace look;no rainbow categories;no auction countdown excess,"Color = listing status. Green=available, amber=featured, red=ending soon. IBM Plex Mono prices."
49,Logistics/Delivery,color-as-information,"KPIStrip,DataTable,ActivityFeed,StatsCard,NavBar","--color-bg,--color-accent,--color-success,--color-danger,--color-warning,--font-mono,--color-surface-2",KPIStrip + DataTable + ActivityFeed + StatsCard,no consumer-delivery clichés;no slow map updates;no decorative truck icons,Color = shipment status. IBM Plex Mono for tracking IDs. Amber for exceptions. Real-time feeds.
50,Agriculture/Farm Tech,color-as-information,"KPIStrip,DataTable,ActivityFeed,StatsCard,NavBar","--color-bg,--color-accent,--color-success,--color-danger,--color-warning,--font-mono",KPIStrip + DataTable + ActivityFeed + StatsCard,no green earthy clichés;no decorative crop icons;no consumer agtech look,IBM Plex Mono for sensor readings. Color = crop health status. Amber for irrigation alerts.
51,Construction/Architecture,composition,"AuthorityHero,StatsCard,ServiceList,TeamGrid,ContactForm","--color-bg,--color-accent,--color-surface-1,--color-surface-2,--font-display,--color-text",AuthorityHero + ServiceList + StatsCard + TeamGrid + ContactForm,no blueprint-clichés;no garish safety orange overload;no template builder look,Dark editorial. Syne for project names. IBM Plex Mono for dimensions/timelines.
52,Automotive/Car Dealership,restraint,"AuthorityHero,StatsCard,ServiceList,TestimonialRail,ContactForm","--color-bg,--color-accent,--color-surface-1,--font-display,--color-text,--color-text-muted",AuthorityHero + ServiceList + StatsCard + TestimonialRail + ContactForm,no red dealership palette;no busy vehicle carousels;no stock photo clichés,Dark premium. Syne for model names. IBM Plex Mono for specs/price. One amber CTA.
53,Photography Studio,typography,"AuthorityHero,ServiceList,TestimonialRail,ContactForm","--color-bg,--color-accent,--color-surface-1,--font-display,--color-text,--color-text-muted",AuthorityHero + ServiceList + TestimonialRail + ContactForm,no watermark-heavy portfolio;no carousel overload;no white template feel,Dark editorial let photos speak. Syne for studio name/packages. Amber on Book Session CTA.
54,Coworking Space,composition,"HeroPane,ServiceList,StatsCard,TeamGrid,ContactForm","--color-bg,--color-accent,--color-surface-1,--color-surface-2,--font-display,--color-text",HeroPane + ServiceList + StatsCard + TeamGrid + ContactForm,no startup-cliché beanbags;no WeWork palette copy;no generic floor plan graphic,Community dark. Syne for space names. IBM Plex Mono for desk counts/pricing. Amber on Tour CTA.
55,Home Services (Plumber/Electrician),composition,"HeroPane,ServiceList,StatsCard,TestimonialRail,ContactForm","--color-bg,--color-accent,--color-surface-1,--font-display,--color-text,--color-text-muted",HeroPane + ServiceList + StatsCard + TestimonialRail + ContactForm,no tradesman-clichés;no blue/yellow contractor palette;no fake 5-star spam,Trust-first dark. Syne for service names. Amber on Call Now CTA. StatsCard shows response time.
56,Childcare/Daycare,restraint,"HeroPane,ServiceList,TeamGrid,TestimonialRail,ContactForm","--color-bg,--color-accent,--color-surface-1,--font-display,--color-text,--color-text-muted",HeroPane + ServiceList + TeamGrid + TestimonialRail + ContactForm,no primary color overload;no cartoon icons;no juvenile typography,Calm dark. Syne for center name. Professional tone. Amber on Enroll CTA. TeamGrid for staff.
57,Senior Care/Elderly,restraint,"HeroPane,ServiceList,TeamGrid,TestimonialRail,ContactForm","--color-bg,--color-accent,--color-surface-1,--font-display,--color-text,--color-text-muted",HeroPane + ServiceList + TeamGrid + TestimonialRail + ContactForm,no inaccessible small text;no complex interactions;no dark pattern CTAs,High contrast dark. WCAG AAA. Syne large for service names. Amber on Contact CTA.
58,Medical Clinic,restraint,"AuthorityHero,ServiceList,TeamGrid,StatsCard,ContactForm","--color-bg,--color-accent,--color-surface-1,--font-display,--color-text,--color-text-muted",AuthorityHero + ServiceList + TeamGrid + StatsCard + ContactForm,no clinical white clichés on dark;no Red Cross aesthetic copies;no alarming palette,Authority dark. Syne for specialty names. IBM Plex Mono for appointment data. Amber on Book CTA.
59,Pharmacy/Drug Store,color-as-information,"HeroPane,ServiceList,DataTable,StatsCard,ContactForm","--color-bg,--color-accent,--color-success,--color-warning,--color-surface-1,--font-mono",HeroPane + ServiceList + DataTable + StatsCard,no green pharmacy clichés;no red/white RX overload;no consumer retail look,IBM Plex Mono for drug codes/prices. Amber for low-stock alerts. Clean inventory grid.
60,Dental Practice,restraint,"AuthorityHero,ServiceList,TeamGrid,TestimonialRail,ContactForm","--color-bg,--color-accent,--color-surface-1,--font-display,--color-text,--color-text-muted",AuthorityHero + ServiceList + TeamGrid + TestimonialRail + ContactForm,no blue dental clichés;no tooth icon overload;no medical stock photos,Clean dark authority. Syne for procedure names. Amber on Book Appointment CTA.
61,Veterinary Clinic,restraint,"HeroPane,ServiceList,TeamGrid,TestimonialRail,ContactForm","--color-bg,--color-accent,--color-surface-1,--font-display,--color-text,--color-text-muted",HeroPane + ServiceList + TeamGrid + TestimonialRail + ContactForm,no cartoon pet icons;no soft-white clinical look;no paw-print decoration excess,Warm dark editorial. Syne for service names. Amber on Book CTA. TeamGrid for vets.
62,Florist/Plant Shop,typography,"HeroPane,ProductGrid,TestimonialRail,ContactForm","--color-bg,--color-accent,--color-surface-1,--font-display,--color-text,--color-text-muted",HeroPane + ProductGrid + TestimonialRail + ContactForm,no pastel floral clichés;no pink/green consumer palette;no busy product thumbnails,Dark editorial. Syne for arrangement names. Amber on Shop Now CTA. Minimal product grid.
63,Bakery/Cafe,typography,"HeroPane,ServiceList,TestimonialRail,ContactForm","--color-bg,--color-accent,--color-surface-1,--font-display,--color-text,--color-text-muted",HeroPane + ServiceList + TestimonialRail + ContactForm,no warm beige clichés;no coffee-brown palette;no chalkboard fonts,Dark editorial with amber warmth. Syne for menu items. Restrained layout. One Book/Order CTA.
64,Brewery/Winery,typography,"HeroPane,ServiceList,TestimonialRail,ContactForm","--color-bg,--color-accent,--color-surface-1,--font-display,--color-text,--color-text-muted",HeroPane + ServiceList + TestimonialRail + ContactForm,no rustic wood texture clichés;no serif-heavy wine labels;no gold excess,Dark editorial. Syne for product names at display scale. Amber used as brand warmth.
65,Airline,color-as-information,"HeroPane,KPIStrip,DataTable,ActivityFeed,NavBar","--color-bg,--color-accent,--color-success,--color-danger,--color-warning,--font-mono,--color-surface-2",HeroPane + KPIStrip + DataTable + ActivityFeed,no blue airline clichés;no generic plane iconography;no consumer booking template look,IBM Plex Mono for flight codes/times. Color = flight status. Amber for gate changes.
66,News/Media Platform,typography,"HeroPane,ActivityFeed,ServiceList,KPIStrip,NavBar","--color-bg,--color-accent,--color-surface-1,--font-display,--color-text,--color-text-muted",HeroPane + ActivityFeed + ServiceList + KPIStrip,no red breaking-news clichés;no busy sidebar ads;no tabloid feel,Editorial dark. Syne for headlines at display scale. Amber for breaking/featured stories.
67,Magazine/Blog,typography,"AuthorityHero,ActivityFeed,ServiceList,TestimonialRail,NavBar","--color-bg,--color-accent,--color-surface-1,--font-display,--color-text,--color-text-muted",AuthorityHero + ActivityFeed + ServiceList + TestimonialRail,no ad-heavy layout;no generic blog template;no light-mode-forced look,Editorial dark. Syne for article titles. Amber for featured/editor's pick markers.
68,Freelancer Platform,composition,"HeroPane,DataTable,ServiceList,TeamGrid,ContactForm","--color-bg,--color-accent,--color-surface-1,--color-surface-2,--font-display,--font-mono",HeroPane + DataTable + ServiceList + TeamGrid + ContactForm,no Fiverr/Upwork template copy;no rating-badge overload;no consumer marketplace look,IBM Plex Mono for rates/timelines. Syne for skill categories. Amber on Hire/Apply CTA.
69,Marketing Agency,composition,"AuthorityHero,KPIStrip,ServiceList,TeamGrid,ContactForm","--color-bg,--color-accent,--color-surface-1,--color-surface-2,--font-display,--color-text-muted",AuthorityHero + ServiceList + KPIStrip + TeamGrid + ContactForm,no agency-template clones;no rainbow service icons;no equal-weight service cards,Authority composition. Syne for service names. IBM Plex Mono for campaign metrics.
70,Event Management,composition,"HeroPane,ServiceList,KPIStrip,TestimonialRail,ContactForm","--color-bg,--color-accent,--color-surface-1,--color-surface-2,--font-display,--color-text",HeroPane + ServiceList + KPIStrip + TestimonialRail + ContactForm,no consumer-event template;no rainbow event categories;no busy RSVP forms,Dark editorial. Syne for event names. IBM Plex Mono for ticket counts/dates.
71,Membership/Community,motion,"HeroPane,ActivityFeed,KPIStrip,TeamGrid,ContactForm","--color-bg,--color-accent,--color-surface-1,--color-surface-2,--font-display,--color-text-muted",HeroPane + ActivityFeed + KPIStrip + TeamGrid,no forum clichés;no membership-badge overload;no busy feed with rainbow tags,Breathing border on active members. Filament sweep on live activity. Amber for new members.
72,Newsletter Platform,typography,"HeroPane,ServiceList,StatsCard,TestimonialRail,ContactForm","--color-bg,--color-accent,--color-surface-1,--font-display,--color-text,--color-text-muted",HeroPane + ServiceList + StatsCard + TestimonialRail + ContactForm,no generic subscribe page;no confetti on signup;no overpromised open rate claims,Editorial dark. Syne for newsletter name. IBM Plex Mono for subscriber counts.
73,Digital Products/Downloads,color-as-information,"HeroPane,ProductGrid,PricingCard,TestimonialRail,ContactForm","--color-bg,--color-accent,--color-success,--color-surface-1,--color-surface-2,--font-display",HeroPane + ProductGrid + PricingCard + TestimonialRail,no rainbow product badges;no generic e-commerce feel;no busy promo banners,Dark editorial. Color = product type signals. Amber on Download CTA.
74,Church/Religious Organization,restraint,"HeroPane,ServiceList,TeamGrid,TestimonialRail,ContactForm","--color-bg,--color-accent,--color-surface-1,--font-display,--color-text,--color-text-muted",HeroPane + ServiceList + TeamGrid + TestimonialRail + ContactForm,no stained-glass clichés;no heavy gold palette;no inaccessible contrast,Calm dark. Syne for service names. Amber used with reverence. Minimal and dignified.
75,Sports Team/Club,motion,"HeroPane,KPIStrip,StatsCard,ActivityFeed,NavBar","--color-bg,--color-accent,--color-surface-1,--color-surface-2,--font-display,--font-mono",HeroPane + KPIStrip + StatsCard + ActivityFeed,no multiple team colors competing;no generic sports template;no slow stat updates,Dark OLED. IBM Plex Mono for match stats. Amber for live match states. Filament sweep on live.
76,Museum/Gallery,typography,"AuthorityHero,ServiceList,TestimonialRail,ContactForm","--color-bg,--color-accent,--color-surface-1,--font-display,--color-text,--color-text-muted",AuthorityHero + ServiceList + TestimonialRail + ContactForm,no cluttered exhibition layout;no generic museum template;no serif overload,Dark editorial. Syne for exhibition titles. Amber on Tickets CTA. Minimal layout for art.
77,Theater/Cinema,typography,"HeroPane,ServiceList,ActivityFeed,TestimonialRail,ContactForm","--color-bg,--color-accent,--color-surface-1,--font-display,--color-text,--color-text-muted",HeroPane + ActivityFeed + ServiceList + TestimonialRail,no red-velvet clichés;no star-rating overload;no multiplex-website template,Dark editorial drama. Syne for show titles at display scale. Amber on Book Tickets CTA.
78,Language Learning App,typography,"HeroPane,ServiceList,KPIStrip,TestimonialRail,PricingCard","--color-bg,--color-accent,--color-surface-1,--font-display,--color-text,--color-text-muted",HeroPane + ServiceList + KPIStrip + TestimonialRail + PricingCard,no rainbow language flags;no gamification overload;no childish streak counter,Dark editorial. Syne for language names. IBM Plex Mono for streak/progress data. Amber on CTA.
79,Coding Bootcamp,composition,"AuthorityHero,KPIStrip,ServiceList,TeamGrid,ContactForm","--color-bg,--color-accent,--color-surface-1,--color-surface-2,--font-display,--font-mono",AuthorityHero + ServiceList + KPIStrip + TeamGrid + ContactForm,no hacker-cliché green on black;no generic bootcamp template;no fake job placement stats,IBM Plex Mono throughout data. Syne for program names. Amber on Apply CTA. TeamGrid for instructors.
80,Cybersecurity Platform,color-as-information,"KPIStrip,DataTable,ActivityFeed,StatsCard,NavBar","--color-bg,--color-accent,--color-success,--color-danger,--color-warning,--font-mono,--color-surface-2",KPIStrip + DataTable + ActivityFeed + StatsCard,no green matrix clichés;no hacker aesthetic;no decorative lock icons,IBM Plex Mono for threat IDs/CVEs. Color = threat severity. Amber for elevated threats. Real-time.
81,Developer Tool / IDE,restraint,"HeroPane,DataTable,ServiceList,NavBar,FooterBlock","--color-bg,--color-accent,--color-surface-1,--color-surface-2,--font-mono,--color-text-muted",HeroPane + ServiceList + DataTable + FooterBlock,no syntax-rainbow decoration;no over-designed terminal aesthetic;no multiple code font weights,IBM Plex Mono dominant. Minimal chrome. Dark OLED base. Amber only for critical output signals.
82,Biotech / Life Sciences,color-as-information,"KPIStrip,DataTable,ActivityFeed,StatsCard,NavBar","--color-bg,--color-accent,--color-success,--color-danger,--color-warning,--font-mono,--color-surface-2",KPIStrip + DataTable + ActivityFeed + StatsCard,no DNA-graphic clichés;no lab-blue overload;no decorative molecule icons,IBM Plex Mono for compound IDs/values. Color = assay result status. Amber for anomalies.
83,Space Tech / Aerospace,motion,"KPIStrip,DataTable,ActivityFeed,StatsCard,NavBar","--color-bg,--color-accent,--color-success,--color-danger,--color-warning,--font-mono,--color-surface-2",KPIStrip + DataTable + ActivityFeed + StatsCard,no sci-fi neon overload;no slow star-field animations;no blue space clichés,Dark OLED maximum. IBM Plex Mono for telemetry. Filament sweep on live data. Amber for alerts.
84,Architecture / Interior,typography,"AuthorityHero,ServiceList,TestimonialRail,ContactForm","--color-bg,--color-accent,--color-surface-1,--font-display,--color-text,--color-text-muted",AuthorityHero + ServiceList + TestimonialRail + ContactForm,no 3D render overload;no corporate blue palette;no template-builder look,Dark editorial portfolio. Syne for project names. Images shown full-bleed. Amber on CTA.
85,Quantum Computing Interface,motion,"KPIStrip,DataTable,ActivityFeed,StatsCard,NavBar","--color-bg,--color-accent,--color-surface-1,--color-surface-2,--font-mono,--color-text-muted",KPIStrip + DataTable + ActivityFeed + StatsCard,no sci-fi graphic excess;no purple quantum clichés;no animated qubit overload,Maximum restraint on dark OLED. IBM Plex Mono for qubit states. Filament sweep on compute.
86,Biohacking / Longevity App,color-as-information,"KPIStrip,DataTable,ActivityFeed,StatsCard,NavBar","--color-bg,--color-accent,--color-success,--color-danger,--color-warning,--font-mono",KPIStrip + DataTable + ActivityFeed + StatsCard,no wellness-green overload;no clinical white clichés;no garish bio-data charts,IBM Plex Mono for biomarkers. Color = health status. Amber for out-of-range values.
87,Autonomous Drone Fleet Manager,color-as-information,"KPIStrip,DataTable,ActivityFeed,StatsCard,NavBar","--color-bg,--color-accent,--color-success,--color-danger,--color-warning,--font-mono,--color-surface-2",KPIStrip + DataTable + ActivityFeed + StatsCard,no sci-fi drone graphic overload;no slow map renders;no decorative status icons,IBM Plex Mono for drone IDs/coordinates. Color = fleet status. Amber for critical alerts.
88,Generative Art Platform,typography,"AuthorityHero,ServiceList,ActivityFeed,TestimonialRail,ContactForm","--color-bg,--color-accent,--color-surface-1,--font-display,--color-text,--color-text-muted",AuthorityHero + ActivityFeed + ServiceList + TestimonialRail,no rainbow gradient overload;no busy gallery;no competing accent events per viewport,Dark editorial. Art shown full-bleed. Syne for artist/collection names. Amber on Mint CTA.
89,Spatial Computing OS / App,motion,"HeroPane,KPIStrip,ActivityFeed,StatsCard,NavBar","--color-bg,--color-accent,--color-surface-1,--color-surface-2,--font-display,--font-mono",HeroPane + KPIStrip + ActivityFeed + StatsCard,no VisionOS-imitation glass panels;no depth-effect overload;no floating UI clichés,Dark OLED foundation. IBM Plex Mono for spatial data. Filament sweep on spatial load states.
90,Sustainable Energy / Climate Tech,color-as-information,"KPIStrip,DataTable,ActivityFeed,StatsCard,NavBar","--color-bg,--color-accent,--color-success,--color-danger,--color-warning,--font-mono",KPIStrip + DataTable + ActivityFeed + StatsCard,no green-washing green overload;no earth-tone decoration;no soft eco-friendly UI,IBM Plex Mono for energy metrics. Color = output status. Amber for efficiency alerts.
91,Personal Finance Tracker,color-as-information,"KPIStrip,DataTable,ActivityFeed,StatsCard,NavBar","--color-bg,--color-accent,--color-success,--color-danger,--color-warning,--font-mono,--color-surface-2",KPIStrip + DataTable + ActivityFeed + StatsCard,no consumer finance app pastels;no gamified badge spam;no multiple colored categories,"IBM Plex Mono for all financial data. Green=income, red=expense, amber=budget alerts."
92,Chat & Messaging App,motion,"HeroPane,ActivityFeed,KPIStrip,NavBar,FooterBlock","--color-bg,--color-accent,--color-surface-1,--color-surface-2,--font-display,--color-text-muted",HeroPane + ActivityFeed + KPIStrip + NavBar,no bubble overload;no emoji palette clutter;no consumer-messenger UI copy,Breathing border on active conversations. Filament sweep on message send. Amber for unread count.
93,Notes & Writing App,restraint,"HeroPane,ServiceList,ActivityFeed,NavBar,FooterBlock","--color-bg,--color-accent,--color-surface-1,--font-mono,--color-text,--color-text-muted",HeroPane + ServiceList + ActivityFeed + NavBar,no decorative editor UI;no multiple sidebar panels;no Word-like chrome,IBM Plex Mono for editor body. Minimal chrome. Amber only for unsaved/important states.
94,Habit Tracker,motion,"HeroPane,KPIStrip,StatsCard,ActivityFeed,NavBar","--color-bg,--color-accent,--color-success,--color-surface-1,--font-display,--font-mono",HeroPane + KPIStrip + StatsCard + ActivityFeed,no streak-badge overload;no gamification rainbow;no daily reminder notification spam,IBM Plex Mono for streak counts. Amber for new streak achievements. Filament sweep on habit done.
95,Food Delivery / On-Demand,color-as-information,"HeroPane,ProductGrid,KPIStrip,ActivityFeed,NavBar","--color-bg,--color-accent,--color-success,--color-warning,--color-surface-1,--font-mono",HeroPane + ProductGrid + KPIStrip + ActivityFeed,no consumer-delivery template copy;no red promo banners;no busy item grid,IBM Plex Mono for prices/ETAs. Color = order status. Amber for order placed/confirmed.
96,Ride Hailing / Transportation,color-as-information,"KPIStrip,DataTable,ActivityFeed,StatsCard,NavBar","--color-bg,--color-accent,--color-success,--color-danger,--color-warning,--font-mono,--color-surface-2",KPIStrip + DataTable + ActivityFeed + StatsCard,no consumer-app consumer UI copy;no animated car icons;no map-as-background hack,IBM Plex Mono for fare/distance data. Color = ride status. Amber for surge pricing alerts.
97,Recipe & Cooking App,typography,"HeroPane,ServiceList,TestimonialRail,ContactForm","--color-bg,--color-accent,--color-surface-1,--font-display,--color-text,--color-text-muted",HeroPane + ServiceList + TestimonialRail + ContactForm,no food-photo cluttered grid;no warm earthy consumer palette;no recipe-card overload,Dark editorial. Syne for recipe names at display scale. IBM Plex Mono for nutrition data.
98,Meditation & Mindfulness,restraint,"HeroPane,ServiceList,TestimonialRail,ContactForm","--color-bg,--color-accent,--color-surface-1,--font-display,--color-text,--color-text-muted",HeroPane + ServiceList + TestimonialRail + ContactForm,no fast animations;no bright colors;no notification overload,Calm dark. Slow transitions. Syne for session names. Amber only for completion moments.
99,Weather App,color-as-information,"HeroPane,KPIStrip,DataTable,StatsCard,NavBar","--color-bg,--color-accent,--color-success,--color-warning,--color-danger,--font-mono",HeroPane + KPIStrip + DataTable + StatsCard,no gradient sky clichés;no animated weather icons;no consumer weather app copy,IBM Plex Mono for temperature/humidity data. Color = severity. Amber for weather alerts.
100,Diary & Journal App,restraint,"HeroPane,ActivityFeed,ServiceList,NavBar,FooterBlock","--color-bg,--color-accent,--color-surface-1,--font-display,--font-mono,--color-text-muted",HeroPane + ActivityFeed + ServiceList + NavBar,no decorative paper texture;no pastel journaling aesthetic;no greeting-card fonts,Quiet dark canvas. IBM Plex Mono for entries. Syne for dates. Amber for pinned/starred entries.
101,CRM & Client Management,composition,"AuthorityHero,KPIStrip,DataTable,ActivityFeed,NavBar","--color-bg,--color-accent,--color-surface-1,--color-surface-2,--font-display,--font-mono",KPIStrip + DataTable + ActivityFeed + AuthorityHero,no Salesforce clone look;no rainbow pipeline stages;no busy sidebar overload,IBM Plex Mono for deal values/dates. Amber for overdue tasks. Dark authority layout.
102,Inventory & Stock Management,color-as-information,"KPIStrip,DataTable,ActivityFeed,StatsCard,NavBar","--color-bg,--color-accent,--color-success,--color-danger,--color-warning,--font-mono,--color-surface-2",KPIStrip + DataTable + ActivityFeed + StatsCard,no spreadsheet clone aesthetic;no rainbow stock categories;no decorative warehouse icons,IBM Plex Mono for SKUs/quantities. Color = stock status. Amber for reorder threshold.
103,Flashcard & Study Tool,typography,"HeroPane,ServiceList,KPIStrip,TestimonialRail,ContactForm","--color-bg,--color-accent,--color-surface-1,--font-display,--font-mono,--color-text-muted",HeroPane + ServiceList + KPIStrip + TestimonialRail,no Anki-clone look;no rainbow deck categories;no confetti animation spam,IBM Plex Mono for card counts/review intervals. Syne for deck names. Amber on streak events.
104,Booking & Appointment App,composition,"HeroPane,ServiceList,DataTable,StatsCard,ContactForm","--color-bg,--color-accent,--color-success,--color-surface-1,--color-surface-2,--font-display",HeroPane + ServiceList + DataTable + StatsCard + ContactForm,no cluttered calendar UI;no rainbow service categories;no multiple CTA competition,Dark editorial. DataTable for availability. Syne for service names. Amber on Book CTA.
105,Invoice & Billing Tool,color-as-information,"KPIStrip,DataTable,ActivityFeed,StatsCard,NavBar","--color-bg,--color-accent,--color-success,--color-danger,--color-warning,--font-mono,--color-surface-2",KPIStrip + DataTable + ActivityFeed + StatsCard,no QuickBooks clone look;no rainbow invoice status badges;no busy table chrome,IBM Plex Mono for amounts/invoice numbers. Color = payment status. Amber for overdue.
106,Grocery & Shopping List,restraint,"HeroPane,ServiceList,ActivityFeed,NavBar,FooterBlock","--color-bg,--color-accent,--color-success,--color-surface-1,--font-mono,--color-text",HeroPane + ServiceList + ActivityFeed + NavBar,no consumer grocery UI copy;no rainbow category tags;no animated cart,Functional dark. IBM Plex Mono for prices. Amber on checked/complete items. Clean list grid.
107,Timer & Pomodoro,restraint,"HeroPane,KPIStrip,ActivityFeed,NavBar,FooterBlock","--color-bg,--color-accent,--color-surface-1,--font-mono,--color-text-muted",HeroPane + KPIStrip + ActivityFeed + NavBar,no decorative tomato icons;no rainbow session categories;no gamification overlay,Minimal dark. IBM Plex Mono for timer display. Filament sweep on active session. Amber at end.
108,Parenting & Baby Tracker,restraint,"HeroPane,ServiceList,StatsCard,ActivityFeed,ContactForm","--color-bg,--color-accent,--color-surface-1,--font-display,--color-text,--color-text-muted",HeroPane + ServiceList + StatsCard + ActivityFeed,no pastel baby palette;no cartoon stork icons;no juvenile typography,Calm dark. Syne for milestone names. IBM Plex Mono for tracking data. Amber for missed milestones.
109,Scanner & Document Manager,restraint,"HeroPane,DataTable,ServiceList,NavBar,FooterBlock","--color-bg,--color-accent,--color-surface-1,--font-mono,--color-text,--color-text-muted",HeroPane + DataTable + ServiceList + NavBar,no document-pile clichés;no busy file tree chrome;no paper texture,Functional dark. IBM Plex Mono for file names/sizes. Amber on export/share actions.
110,Calendar & Scheduling App,composition,"HeroPane,DataTable,KPIStrip,ActivityFeed,NavBar","--color-bg,--color-accent,--color-surface-1,--color-surface-2,--font-display,--font-mono",HeroPane + DataTable + KPIStrip + ActivityFeed,no rainbow event categories;no Google Calendar clone;no busy sidebar overload,IBM Plex Mono for dates/times. Amber for today/now indicators. Breathing border on current event.
111,Password Manager,restraint,"HeroPane,DataTable,ServiceList,NavBar,FooterBlock","--color-bg,--color-accent,--color-surface-1,--font-mono,--color-text,--color-text-muted",HeroPane + DataTable + ServiceList + NavBar,no dark-pattern lock icons;no alarmist red security scores;no busy vault UI,Minimal trust dark. IBM Plex Mono for passwords/metadata. Amber on security alerts.
112,Expense Splitter / Bill Split,color-as-information,"HeroPane,KPIStrip,DataTable,ActivityFeed,NavBar","--color-bg,--color-accent,--color-success,--color-danger,--font-mono,--color-surface-1",HeroPane + KPIStrip + DataTable + ActivityFeed,no consumer-app pastel;no Venmo-clone palette;no confetti on settle,"IBM Plex Mono for amounts. Green=settled, amber=you owe, red=owed to you. Clean list."
113,Voice Recorder & Memo,restraint,"HeroPane,ActivityFeed,ServiceList,NavBar,FooterBlock","--color-bg,--color-accent,--color-surface-1,--font-mono,--color-text-muted",HeroPane + ActivityFeed + ServiceList + NavBar,no waveform decoration;no consumer audio app copy;no bright recording indicator,Minimal dark. IBM Plex Mono for timestamps/durations. Filament sweep on active recording.
114,Bookmark & Read-Later,restraint,"HeroPane,ActivityFeed,DataTable,NavBar,FooterBlock","--color-bg,--color-accent,--color-surface-1,--font-display,--color-text,--color-text-muted",HeroPane + ActivityFeed + DataTable + NavBar,no Pocket-clone look;no colorful tag rainbow;no cluttered reading list,Editorial dark. Syne for collection names. IBM Plex Mono for reading time/date. Amber for unread.
115,Translator App,restraint,"HeroPane,ServiceList,DataTable,NavBar,FooterBlock","--color-bg,--color-accent,--color-surface-1,--font-mono,--color-text,--color-text-muted",HeroPane + ServiceList + DataTable + NavBar,no flag overload;no Google Translate clone;no language-rainbow tags,Functional minimal dark. IBM Plex Mono for translation output. Amber on copy/save actions.
116,Calculator & Unit Converter,restraint,"HeroPane,ServiceList,DataTable,NavBar,FooterBlock","--color-bg,--color-accent,--color-surface-1,--font-mono,--color-text-muted",HeroPane + ServiceList + DataTable + NavBar,no neon calculator aesthetic;no iOS-clone look;no decorative buttons,Pure IBM Plex Mono. Dark OLED. Amber on active/selected operator. Minimal chrome.
117,Alarm & World Clock,restraint,"HeroPane,DataTable,ActivityFeed,NavBar,FooterBlock","--color-bg,--color-accent,--color-surface-1,--font-mono,--color-text-muted",HeroPane + DataTable + ActivityFeed + NavBar,no iOS clock clone;no rainbow timezone labels;no decorative clock faces,IBM Plex Mono for time display. Amber for active alarm. Minimal dark. No animation except state.
118,File Manager & Transfer,restraint,"HeroPane,DataTable,ServiceList,NavBar,FooterBlock","--color-bg,--color-accent,--color-surface-1,--font-mono,--color-text,--color-text-muted",HeroPane + DataTable + ServiceList + NavBar,no Finder clone look;no colorful file type icons;no decorative folder graphics,Functional dark. IBM Plex Mono for file names/sizes. Amber on transfer progress. Clean grid.
119,Email Client,composition,"HeroPane,ActivityFeed,DataTable,NavBar,FooterBlock","--color-bg,--color-accent,--color-surface-1,--color-surface-2,--font-display,--font-mono",HeroPane + ActivityFeed + DataTable + NavBar,no Gmail clone palette;no rainbow label overload;no busy action toolbar,IBM Plex Mono for sender/subject metadata. Amber for unread count. Breathing border on focused email.
120,Casual Puzzle Game,motion,"HeroPane,KPIStrip,ActivityFeed,NavBar,FooterBlock","--color-bg,--color-accent,--color-surface-1,--color-surface-2,--font-display,--color-text-muted",HeroPane + KPIStrip + ActivityFeed + NavBar,no rainbow game UI;no busy particle effects;no competing accent colors,Dark base. Amber for score/achievement highlights. Filament sweep on level load. Syne for scores.
121,Trivia & Quiz Game,motion,"HeroPane,KPIStrip,DataTable,ActivityFeed,NavBar","--color-bg,--color-accent,--color-success,--color-danger,--font-display,--font-mono",HeroPane + KPIStrip + DataTable + ActivityFeed,no rainbow answer buttons;no leaderboard clutter;no confetti excess,IBM Plex Mono for scores/timers. Color = answer correct/wrong. Amber for hint usage.
122,Card & Board Game,typography,"HeroPane,ServiceList,ActivityFeed,NavBar,FooterBlock","--color-bg,--color-accent,--color-surface-1,--font-display,--color-text,--color-text-muted",HeroPane + ServiceList + ActivityFeed + NavBar,no busy card art overload;no rainbow suit colors;no tablecloth texture clichés,Dark editorial. Syne for game names. Amber for player turn indicator. Minimal decoration.
123,Idle & Clicker Game,motion,"HeroPane,KPIStrip,ActivityFeed,StatsCard,NavBar","--color-bg,--color-accent,--color-success,--color-surface-1,--color-surface-2,--font-mono",HeroPane + KPIStrip + ActivityFeed + StatsCard,no number-spam visual;no rainbow upgrade tiers;no busy particle effects,IBM Plex Mono for large numbers. Amber for key upgrade milestones. Filament sweep on auto-collect.
124,Word & Crossword Game,typography,"HeroPane,ServiceList,DataTable,NavBar,FooterBlock","--color-bg,--color-accent,--color-surface-1,--font-display,--font-mono,--color-text-muted",HeroPane + ServiceList + DataTable + NavBar,no Wordle-clone green/yellow overload;no busy letter grid decoration;no serif font mismatch,IBM Plex Mono for letter grid. Syne for game name/score. Amber for correct placement.
125,Arcade & Retro Game,motion,"HeroPane,KPIStrip,ActivityFeed,StatsCard,NavBar","--color-bg,--color-accent,--color-surface-1,--color-surface-2,--font-display,--color-text-muted",HeroPane + KPIStrip + ActivityFeed + StatsCard,no neon retro clichés;no CRT filter overuse;no rainbow pixel art overload,Dark OLED. IBM Plex Mono for high scores. Amber for high score events. Breathing border on active.
126,Photo Editor & Filters,restraint,"HeroPane,ServiceList,ActivityFeed,NavBar,FooterBlock","--color-bg,--color-accent,--color-surface-1,--font-mono,--color-text,--color-text-muted",HeroPane + ServiceList + ActivityFeed + NavBar,no busy toolbar decoration;no filter-preview rainbow;no consumer app clichés,Minimal dark. IBM Plex Mono for values/settings. Amber on Save/Export CTA.
127,Short Video Editor,motion,"HeroPane,KPIStrip,ActivityFeed,NavBar,FooterBlock","--color-bg,--color-accent,--color-surface-1,--color-surface-2,--font-display,--font-mono",HeroPane + KPIStrip + ActivityFeed + NavBar,no TikTok clone palette;no rainbow timeline tracks;no busy toolbar chrome,Dark OLED. IBM Plex Mono for timecode. Filament sweep on export. Amber for selected clips.
128,Drawing & Sketching Canvas,restraint,"HeroPane,ServiceList,NavBar,FooterBlock","--color-bg,--color-accent,--color-surface-1,--font-mono,--color-text,--color-text-muted",HeroPane + ServiceList + NavBar + FooterBlock,no Procreate-clone chrome;no rainbow tool palette;no busy UI around canvas,Minimal dark chrome. IBM Plex Mono for tool settings. Amber on active tool indicator.
129,Music Creation & Beat Maker,motion,"HeroPane,KPIStrip,ActivityFeed,NavBar,FooterBlock","--color-bg,--color-accent,--color-surface-1,--color-surface-2,--font-mono,--color-text-muted",HeroPane + KPIStrip + ActivityFeed + NavBar,no rainbow track colors;no busy DAW chrome;no slow waveform render,Dark OLED. IBM Plex Mono for BPM/note values. Filament sweep on playback. Amber for beat markers.
130,Meme & Sticker Maker,typography,"HeroPane,ServiceList,ActivityFeed,NavBar,FooterBlock","--color-bg,--color-accent,--color-surface-1,--font-display,--color-text,--color-text-muted",HeroPane + ServiceList + ActivityFeed + NavBar,no rainbow sticker grid;no Gen Z chaos layout;no multiple competing fonts,Dark editorial. Syne for trending template names. Amber on Create CTA.
131,AI Photo & Avatar Generator,motion,"HeroPane,ServiceList,ActivityFeed,KPIStrip,NavBar","--color-bg,--color-accent,--color-surface-1,--color-surface-2,--font-display,--font-mono",HeroPane + ServiceList + ActivityFeed + KPIStrip,no purple AI gradient clichés;no stock robot imagery;no busy style picker grid,Dark OLED. Filament sweep on generation. Syne for style names. Amber on Generate CTA.
132,Link-in-Bio Page Builder,composition,"HeroPane,ServiceList,KPIStrip,TestimonialRail,ContactForm","--color-bg,--color-accent,--color-surface-1,--font-display,--color-text,--color-text-muted",HeroPane + ServiceList + KPIStrip + TestimonialRail,no Linktree clone layout;no rainbow link buttons;no busy bio template,Dark editorial. Syne for creator name. IBM Plex Mono for click stats. Amber on primary link.
133,Wardrobe & Outfit Planner,typography,"HeroPane,ServiceList,ActivityFeed,NavBar,FooterBlock","--color-bg,--color-accent,--color-surface-1,--font-display,--color-text,--color-text-muted",HeroPane + ServiceList + ActivityFeed + NavBar,no pastel fashion clichés;no rainbow wardrobe categories;no busy clothing grid,Dark editorial. Syne for outfit/collection names. Amber on Save Outfit CTA.
134,Plant Care Tracker,restraint,"HeroPane,ServiceList,StatsCard,ActivityFeed,ContactForm","--color-bg,--color-accent,--color-success,--color-surface-1,--font-display,--color-text-muted",HeroPane + ServiceList + StatsCard + ActivityFeed,no green plant clichés;no earthy consumer palette;no childish leaf icons,Calm dark. IBM Plex Mono for watering schedules. Amber for overdue plant care.
135,Book & Reading Tracker,typography,"HeroPane,ServiceList,ActivityFeed,StatsCard,NavBar","--color-bg,--color-accent,--color-surface-1,--font-display,--color-text,--color-text-muted",HeroPane + ServiceList + ActivityFeed + StatsCard,no Goodreads clone look;no cover-art grid overload;no serif editorial excess,Editorial dark. Syne for book titles. IBM Plex Mono for page counts/reading speed.
136,Couple & Relationship App,restraint,"HeroPane,ServiceList,ActivityFeed,ContactForm,FooterBlock","--color-bg,--color-accent,--color-surface-1,--font-display,--color-text,--color-text-muted",HeroPane + ServiceList + ActivityFeed + ContactForm,no heart-overload clichés;no pink/red palette;no cute cartoon style,Warm dark. Syne for memory/event names. Amber for anniversaries. Minimal and intimate.
137,Family Calendar & Chores,composition,"HeroPane,DataTable,KPIStrip,ActivityFeed,NavBar","--color-bg,--color-accent,--color-success,--color-surface-1,--color-surface-2,--font-display",HeroPane + DataTable + KPIStrip + ActivityFeed,no primary-color family palette;no busy chore chart decoration;no consumer calendar clone,Dark household-authority. IBM Plex Mono for chore data. Amber for overdue tasks.
138,Mood Tracker,color-as-information,"HeroPane,KPIStrip,StatsCard,ActivityFeed,NavBar","--color-bg,--color-accent,--color-success,--color-warning,--color-danger,--font-mono,--color-surface-1",HeroPane + KPIStrip + StatsCard + ActivityFeed,no emoji overload;no rainbow mood palette;no gamified mood badges,Color = mood severity (minimal spectrum). IBM Plex Mono for mood scores. Amber for trend alerts.
139,Gift & Wishlist,typography,"HeroPane,ServiceList,ActivityFeed,NavBar,FooterBlock","--color-bg,--color-accent,--color-surface-1,--font-display,--color-text,--color-text-muted",HeroPane + ServiceList + ActivityFeed + NavBar,no consumer gifting clichés;no wrapped-present icons;no holiday palette,Dark editorial. Syne for wishlist names. Amber on Share/Buy CTA.
140,Running & Cycling GPS,color-as-information,"KPIStrip,DataTable,ActivityFeed,StatsCard,NavBar","--color-bg,--color-accent,--color-success,--color-danger,--color-warning,--font-mono,--color-surface-2",KPIStrip + DataTable + ActivityFeed + StatsCard,no Strava-clone orange overload;no busy route map decoration;no neon green sports palette,IBM Plex Mono for pace/distance/HR data. Color = performance zones. Amber for personal records.
141,Yoga & Stretching Guide,restraint,"HeroPane,ServiceList,ActivityFeed,TestimonialRail,ContactForm","--color-bg,--color-accent,--color-surface-1,--font-display,--color-text,--color-text-muted",HeroPane + ServiceList + ActivityFeed + TestimonialRail,no wellness-green overload;no meditative stock photos;no slow-fade animation excess,Calm dark editorial. Syne for pose names. Amber on Begin Session CTA. Minimal and clean.
142,Sleep Tracker,color-as-information,"KPIStrip,DataTable,StatsCard,ActivityFeed,NavBar","--color-bg,--color-accent,--color-success,--color-warning,--color-danger,--font-mono",KPIStrip + DataTable + StatsCard + ActivityFeed,no blue light irony;no soft dreamy palette;no star decoration,Dark OLED (eye-safe). IBM Plex Mono for sleep scores. Color = sleep quality. Amber for alerts.
143,Calorie & Nutrition Counter,color-as-information,"KPIStrip,DataTable,ActivityFeed,StatsCard,NavBar","--color-bg,--color-accent,--color-success,--color-danger,--color-warning,--font-mono",KPIStrip + DataTable + ActivityFeed + StatsCard,no food-photo clutter;no rainbow macros;no consumer nutrition app copy,IBM Plex Mono for macros/calories. Color = goal status. Amber for over-budget nutrition.
144,Period & Cycle Tracker,color-as-information,"HeroPane,KPIStrip,StatsCard,ActivityFeed,NavBar","--color-bg,--color-accent,--color-success,--color-warning,--color-surface-1,--font-mono",HeroPane + KPIStrip + StatsCard + ActivityFeed,no pink period-app clichés;no flower decoration;no generic cycle calendar UI,Calm dark. IBM Plex Mono for cycle data. Color = phase. Amber for predicted peak/fertile.
145,Medication & Pill Reminder,color-as-information,"HeroPane,DataTable,ActivityFeed,StatsCard,NavBar","--color-bg,--color-accent,--color-success,--color-danger,--color-warning,--font-mono",HeroPane + DataTable + ActivityFeed + StatsCard,no pill-box clichés;no clinical white on dark;no alarm red overuse,IBM Plex Mono for med names/times. Color = taken/missed/upcoming. Amber for missed doses.
146,Water & Hydration Reminder,restraint,"HeroPane,KPIStrip,ActivityFeed,NavBar,FooterBlock","--color-bg,--color-accent,--color-success,--color-surface-1,--font-mono,--color-text-muted",HeroPane + KPIStrip + ActivityFeed + NavBar,no blue water wave decoration;no water drop icons;no consumer health app palette,Minimal dark. IBM Plex Mono for ml/oz data. Amber for behind-on-goal states.
147,Fasting & Intermittent Timer,motion,"HeroPane,KPIStrip,StatsCard,ActivityFeed,NavBar","--color-bg,--color-accent,--color-success,--color-surface-1,--font-mono,--color-text-muted",HeroPane + KPIStrip + StatsCard + ActivityFeed,no religious/dietary imagery;no fast-food clichés;no generic health app copy,IBM Plex Mono for countdown display. Filament sweep on active fast. Amber on fast complete.
148,Anonymous Community / Confession,restraint,"HeroPane,ActivityFeed,ServiceList,NavBar,FooterBlock","--color-bg,--color-accent,--color-surface-1,--font-display,--color-text,--color-text-muted",HeroPane + ActivityFeed + ServiceList + NavBar,no dark-web aesthetic;no shock content UI design;no rainbow reaction badges,Calm dark. Anonymous by design. Syne for community name. Amber on pinned posts.
149,Local Events & Discovery,composition,"HeroPane,ServiceList,KPIStrip,ActivityFeed,NavBar","--color-bg,--color-accent,--color-surface-1,--color-surface-2,--font-display,--color-text-muted",HeroPane + ServiceList + KPIStrip + ActivityFeed,no Eventbrite clone;no rainbow event category tags;no busy map overlay,Editorial dark. Syne for event names. IBM Plex Mono for dates/prices. Amber for today's events.
150,Study Together / Virtual Coworking,motion,"HeroPane,ActivityFeed,KPIStrip,TeamGrid,NavBar","--color-bg,--color-accent,--color-surface-1,--color-surface-2,--font-display,--font-mono",HeroPane + ActivityFeed + KPIStrip + TeamGrid,no Zoom-grid clichés;no busy room status UI;no consumer coworking template,Breathing border on active study rooms. IBM Plex Mono for focus timer. Amber for new joiners.
151,Coding Challenge & Practice,composition,"HeroPane,DataTable,KPIStrip,ActivityFeed,NavBar","--color-bg,--color-accent,--color-surface-1,--color-surface-2,--font-display,--font-mono",HeroPane + DataTable + KPIStrip + ActivityFeed,no LeetCode clone palette;no rainbow difficulty badges;no busy submission history,IBM Plex Mono throughout. Dark OLED. Amber for personal bests. Syne for challenge names.
152,Kids Learning (ABC & Math),restraint,"HeroPane,ServiceList,KPIStrip,ActivityFeed,ContactForm","--color-bg,--color-accent,--color-surface-1,--font-display,--color-text,--color-text-muted",HeroPane + ServiceList + KPIStrip + ActivityFeed,no primary color overload for marketing site;no cartoon excess on parent-facing UI,Parent-facing dark professional. Syne for curriculum names. Amber on Start Free Trial CTA.
153,Music Instrument Learning,typography,"HeroPane,ServiceList,KPIStrip,TestimonialRail,PricingCard","--color-bg,--color-accent,--color-surface-1,--font-display,--font-mono,--color-text-muted",HeroPane + ServiceList + KPIStrip + TestimonialRail + PricingCard,no music-note clichés;no concert poster excess;no generic music app copy,IBM Plex Mono for BPM/notation data. Syne for instrument names. Amber on Start Learning CTA.
154,Parking Finder,color-as-information,"HeroPane,KPIStrip,DataTable,ActivityFeed,NavBar","--color-bg,--color-accent,--color-success,--color-danger,--color-warning,--font-mono",HeroPane + KPIStrip + DataTable + ActivityFeed,no consumer parking app copy;no animated car park icons;no slow map renders,IBM Plex Mono for prices/availability. Color = spot status. Amber for limited availability.
155,Public Transit Guide,color-as-information,"HeroPane,KPIStrip,DataTable,ActivityFeed,NavBar","--color-bg,--color-accent,--color-success,--color-danger,--color-warning,--font-mono,--color-surface-2",HeroPane + KPIStrip + DataTable + ActivityFeed,no transit-map rainbow lines overload;no consumer travel app look;no cluttered stop list,IBM Plex Mono for arrival times/line numbers. Color = line/status. Amber for service alerts.
156,Road Trip Planner,typography,"HeroPane,ServiceList,DataTable,ActivityFeed,NavBar","--color-bg,--color-accent,--color-surface-1,--font-display,--color-text,--color-text-muted",HeroPane + ServiceList + DataTable + ActivityFeed,no road-trip stock photo clichés;no consumer travel rainbow;no busy itinerary UI,Editorial dark. Syne for route names. IBM Plex Mono for distances/times. Amber on Start Route CTA.
157,VPN & Privacy Tool,restraint,"HeroPane,ServiceList,StatsCard,KPIStrip,NavBar","--color-bg,--color-accent,--color-success,--color-surface-1,--font-mono,--color-text-muted",HeroPane + ServiceList + StatsCard + KPIStrip,no shield-icon overload;no red danger-state overuse;no dark-web aesthetic,Minimal dark trust. IBM Plex Mono for IP/data stats. Amber on active protection state.
158,Emergency SOS & Safety,color-as-information,"HeroPane,KPIStrip,DataTable,ActivityFeed,NavBar","--color-bg,--color-accent,--color-success,--color-danger,--color-warning,--font-mono",HeroPane + KPIStrip + DataTable + ActivityFeed,no alarmist red overload when inactive;no busy alert UI in default state;no fake emergency,Color = emergency severity (precise use). IBM Plex Mono for location data. Clear hierarchy.
159,Wallpaper & Theme App,typography,"HeroPane,ServiceList,ActivityFeed,NavBar,FooterBlock","--color-bg,--color-accent,--color-surface-1,--font-display,--color-text,--color-text-muted",HeroPane + ServiceList + ActivityFeed + NavBar,no gallery overload;no rainbow category tags;no busy thumbnail grid,Dark editorial gallery. Syne for collection names. Amber on Download CTA.
160,White Noise & Ambient Sound,restraint,"HeroPane,ServiceList,ActivityFeed,NavBar,FooterBlock","--color-bg,--color-accent,--color-surface-1,--font-display,--color-text,--color-text-muted",HeroPane + ServiceList + ActivityFeed + NavBar,no wave/ocean decoration clichés;no soft consumer app palette;no animated backgrounds,Calm dark. Minimal chrome. Syne for sound names. Filament sweep on active playback.
161,Home Decoration & Interior Design,typography,"AuthorityHero,ServiceList,TestimonialRail,ContactForm","--color-bg,--color-accent,--color-surface-1,--font-display,--color-text,--color-text-muted",AuthorityHero + ServiceList + TestimonialRail + ContactForm,no mood-board template look;no Pinterest-clone grid;no earthy consumer decor palette,Dark editorial portfolio. Syne for room/style names. Full-bleed images. Amber on Get Quote CTA.
